{"amp/grad_scale": 32768.0, "global_step": 0}
{"loss/regression_loss": 2.875673770904541, "loss/classification_loss": 9.670052528381348, "loss/total_loss": 12.545726776123047, "global_step": 0}
{"amp/grad_scale": 16384.0, "global_step": 1}
{"stats/learning_rate": 0.000509, "global_step": 2}
{"stats/learning_rate": 0.000518, "global_step": 3}
{"stats/learning_rate": 0.000527, "global_step": 4}
{"stats/learning_rate": 0.000536, "global_step": 5}
{"stats/learning_rate": 0.000545, "global_step": 6}
{"stats/learning_rate": 0.000554, "global_step": 7}
{"stats/learning_rate": 0.000563, "global_step": 8}
{"stats/learning_rate": 0.0005719999999999999, "global_step": 9}
{"stats/learning_rate": 0.000581, "global_step": 10}
{"stats/learning_rate": 0.0005900000000000001, "global_step": 11}
{"stats/learning_rate": 0.0005990000000000002, "global_step": 12}
{"stats/learning_rate": 0.0006080000000000003, "global_step": 13}
{"stats/learning_rate": 0.0006170000000000003, "global_step": 14}
{"stats/learning_rate": 0.0006260000000000003, "global_step": 15}
{"stats/learning_rate": 0.0006350000000000001, "global_step": 16}
{"stats/learning_rate": 0.0006440000000000001, "global_step": 17}
{"stats/learning_rate": 0.0006530000000000002, "global_step": 18}
{"stats/learning_rate": 0.0006620000000000002, "global_step": 19}
{"loss/regression_loss": 2.833148956298828, "loss/classification_loss": 9.612998962402344, "loss/total_loss": 12.446147918701172, "global_step": 20}
{"stats/learning_rate": 0.0006800000000000002, "global_step": 21}
{"stats/learning_rate": 0.0006890000000000002, "global_step": 22}
{"stats/learning_rate": 0.000698, "global_step": 23}
{"stats/learning_rate": 0.0007070000000000002, "global_step": 24}
{"stats/learning_rate": 0.0007160000000000003, "global_step": 25}
{"stats/learning_rate": 0.0007250000000000004, "global_step": 26}
{"stats/learning_rate": 0.0007340000000000004, "global_step": 27}
{"stats/learning_rate": 0.0007430000000000004, "global_step": 28}
{"stats/learning_rate": 0.0007520000000000005, "global_step": 29}
{"stats/learning_rate": 0.0007610000000000005, "global_step": 30}
{"stats/learning_rate": 0.0007700000000000005, "global_step": 31}
{"stats/learning_rate": 0.0007790000000000005, "global_step": 32}
{"stats/learning_rate": 0.0007880000000000004, "global_step": 33}
{"stats/learning_rate": 0.0007970000000000004, "global_step": 34}
{"stats/learning_rate": 0.0008060000000000004, "global_step": 35}
{"stats/learning_rate": 0.0008150000000000004, "global_step": 36}
{"stats/learning_rate": 0.0008240000000000004, "global_step": 37}
{"stats/learning_rate": 0.0008330000000000004, "global_step": 38}
{"stats/learning_rate": 0.0008420000000000004, "global_step": 39}
{"loss/regression_loss": 2.8796892166137695, "loss/classification_loss": 9.548456192016602, "loss/total_loss": 12.428145408630371, "global_step": 40}
{"stats/learning_rate": 0.0008600000000000002, "global_step": 41}
{"stats/learning_rate": 0.0008690000000000003, "global_step": 42}
{"stats/learning_rate": 0.0008780000000000003, "global_step": 43}
{"stats/learning_rate": 0.0008870000000000002, "global_step": 44}
{"stats/learning_rate": 0.0008960000000000002, "global_step": 45}
{"stats/learning_rate": 0.0009050000000000001, "global_step": 46}
{"stats/learning_rate": 0.0009140000000000001, "global_step": 47}
{"stats/learning_rate": 0.0009230000000000002, "global_step": 48}
{"stats/learning_rate": 0.0009320000000000002, "global_step": 49}
{"stats/learning_rate": 0.0009410000000000002, "global_step": 50}
{"stats/learning_rate": 0.0009500000000000002, "global_step": 51}
{"stats/learning_rate": 0.0009590000000000002, "global_step": 52}
{"stats/learning_rate": 0.0009680000000000003, "global_step": 53}
{"stats/learning_rate": 0.0009770000000000002, "global_step": 54}
{"stats/learning_rate": 0.0009860000000000001, "global_step": 55}
{"stats/learning_rate": 0.0009950000000000002, "global_step": 56}
{"stats/learning_rate": 0.0010040000000000003, "global_step": 57}
{"stats/learning_rate": 0.0010130000000000002, "global_step": 58}
{"stats/learning_rate": 0.0010220000000000001, "global_step": 59}
{"loss/regression_loss": 2.831332206726074, "loss/classification_loss": 9.490854263305664, "loss/total_loss": 12.322186470031738, "global_step": 60}
{"stats/learning_rate": 0.00104, "global_step": 61}
{"stats/learning_rate": 0.0010489999999999998, "global_step": 62}
{"stats/learning_rate": 0.0010579999999999997, "global_step": 63}
{"stats/learning_rate": 0.0010669999999999996, "global_step": 64}
{"stats/learning_rate": 0.0010759999999999995, "global_step": 65}
{"stats/learning_rate": 0.0010849999999999994, "global_step": 66}
{"stats/learning_rate": 0.0010939999999999993, "global_step": 67}
{"stats/learning_rate": 0.0011029999999999992, "global_step": 68}
{"stats/learning_rate": 0.001111999999999999, "global_step": 69}
{"stats/learning_rate": 0.0011209999999999992, "global_step": 70}
{"stats/learning_rate": 0.0011299999999999993, "global_step": 71}
{"stats/learning_rate": 0.0011389999999999994, "global_step": 72}
{"stats/learning_rate": 0.0011479999999999995, "global_step": 73}
{"stats/learning_rate": 0.0011569999999999996, "global_step": 74}
{"stats/learning_rate": 0.0011659999999999995, "global_step": 75}
{"stats/learning_rate": 0.0011749999999999994, "global_step": 76}
{"stats/learning_rate": 0.0011839999999999995, "global_step": 77}
{"stats/learning_rate": 0.0011929999999999994, "global_step": 78}
{"stats/learning_rate": 0.0012019999999999993, "global_step": 79}
{"loss/regression_loss": 2.8562326431274414, "loss/classification_loss": 9.431726455688477, "loss/total_loss": 12.287959098815918, "global_step": 80}
{"stats/learning_rate": 0.0012199999999999993, "global_step": 81}
{"stats/learning_rate": 0.0012289999999999992, "global_step": 82}
{"stats/learning_rate": 0.001237999999999999, "global_step": 83}
{"stats/learning_rate": 0.0012469999999999992, "global_step": 84}
{"stats/learning_rate": 0.0012559999999999993, "global_step": 85}
{"stats/learning_rate": 0.0012649999999999992, "global_step": 86}
{"stats/learning_rate": 0.001273999999999999, "global_step": 87}
{"stats/learning_rate": 0.0012829999999999992, "global_step": 88}
{"stats/learning_rate": 0.001291999999999999, "global_step": 89}
{"stats/learning_rate": 0.0013009999999999992, "global_step": 90}
{"stats/learning_rate": 0.0013099999999999993, "global_step": 91}
{"stats/learning_rate": 0.0013189999999999994, "global_step": 92}
{"stats/learning_rate": 0.0013279999999999995, "global_step": 93}
{"stats/learning_rate": 0.0013369999999999994, "global_step": 94}
{"stats/learning_rate": 0.0013459999999999993, "global_step": 95}
{"stats/learning_rate": 0.0013549999999999992, "global_step": 96}
{"stats/learning_rate": 0.0013639999999999991, "global_step": 97}
{"stats/learning_rate": 0.001372999999999999, "global_step": 98}
{"stats/learning_rate": 0.0013819999999999991, "global_step": 99}
{"loss/regression_loss": 2.8419129848480225, "loss/classification_loss": 9.358847618103027, "loss/total_loss": 12.200760841369629, "global_step": 100}
{"stats/learning_rate": 0.0013999999999999991, "global_step": 101}
{"stats/learning_rate": 0.0014089999999999992, "global_step": 102}
{"stats/learning_rate": 0.0014179999999999993, "global_step": 103}
{"stats/learning_rate": 0.0014269999999999994, "global_step": 104}
{"stats/learning_rate": 0.0014359999999999993, "global_step": 105}
{"stats/learning_rate": 0.0014449999999999992, "global_step": 106}
{"stats/learning_rate": 0.0014539999999999993, "global_step": 107}
{"stats/learning_rate": 0.0014629999999999995, "global_step": 108}
{"stats/learning_rate": 0.0014719999999999994, "global_step": 109}
{"stats/learning_rate": 0.0014809999999999995, "global_step": 110}
{"stats/learning_rate": 0.0014899999999999996, "global_step": 111}
{"stats/learning_rate": 0.0014989999999999995, "global_step": 112}
{"stats/learning_rate": 0.0015079999999999994, "global_step": 113}
{"stats/learning_rate": 0.0015169999999999995, "global_step": 114}
{"stats/learning_rate": 0.0015259999999999996, "global_step": 115}
{"stats/learning_rate": 0.0015349999999999997, "global_step": 116}
{"stats/learning_rate": 0.0015439999999999996, "global_step": 117}
{"stats/learning_rate": 0.0015529999999999997, "global_step": 118}
{"stats/learning_rate": 0.0015619999999999998, "global_step": 119}
{"loss/regression_loss": 2.8494272232055664, "loss/classification_loss": 9.27524185180664, "loss/total_loss": 12.124669075012207, "global_step": 120}
{"stats/learning_rate": 0.0015799999999999998, "global_step": 121}
{"stats/learning_rate": 0.001589, "global_step": 122}
{"stats/learning_rate": 0.001598, "global_step": 123}
{"stats/learning_rate": 0.0016070000000000001, "global_step": 124}
{"stats/learning_rate": 0.001616, "global_step": 125}
{"stats/learning_rate": 0.001625, "global_step": 126}
{"stats/learning_rate": 0.0016339999999999998, "global_step": 127}
{"stats/learning_rate": 0.0016429999999999997, "global_step": 128}
{"stats/learning_rate": 0.0016519999999999998, "global_step": 129}
{"stats/learning_rate": 0.0016609999999999997, "global_step": 130}
{"stats/learning_rate": 0.0016699999999999998, "global_step": 131}
{"stats/learning_rate": 0.001679, "global_step": 132}
{"stats/learning_rate": 0.0016879999999999998, "global_step": 133}
{"stats/learning_rate": 0.0016969999999999997, "global_step": 134}
{"stats/learning_rate": 0.0017059999999999998, "global_step": 135}
{"stats/learning_rate": 0.001715, "global_step": 136}
{"stats/learning_rate": 0.0017239999999999998, "global_step": 137}
{"stats/learning_rate": 0.001733, "global_step": 138}
{"stats/learning_rate": 0.001742, "global_step": 139}
{"loss/regression_loss": 2.761932134628296, "loss/classification_loss": 9.18640422821045, "loss/total_loss": 11.948336601257324, "global_step": 140}
{"stats/learning_rate": 0.0017599999999999998, "global_step": 141}
{"stats/learning_rate": 0.001769, "global_step": 142}
{"stats/learning_rate": 0.001778, "global_step": 143}
{"stats/learning_rate": 0.001787, "global_step": 144}
{"stats/learning_rate": 0.0017959999999999999, "global_step": 145}
{"stats/learning_rate": 0.0018049999999999997, "global_step": 146}
{"stats/learning_rate": 0.0018139999999999999, "global_step": 147}
{"stats/learning_rate": 0.001823, "global_step": 148}
{"stats/learning_rate": 0.001832, "global_step": 149}
{"stats/learning_rate": 0.0018410000000000002, "global_step": 150}
{"stats/learning_rate": 0.00185, "global_step": 151}
{"stats/learning_rate": 0.001859, "global_step": 152}
{"stats/learning_rate": 0.0018679999999999999, "global_step": 153}
{"stats/learning_rate": 0.0018769999999999998, "global_step": 154}
{"stats/learning_rate": 0.0018859999999999999, "global_step": 155}
{"stats/learning_rate": 0.001895, "global_step": 156}
{"stats/learning_rate": 0.001904, "global_step": 157}
{"stats/learning_rate": 0.001913, "global_step": 158}
{"stats/learning_rate": 0.0019219999999999999, "global_step": 159}
{"loss/regression_loss": 2.7821273803710938, "loss/classification_loss": 9.08938217163086, "loss/total_loss": 11.871509552001953, "global_step": 160}
{"stats/learning_rate": 0.00194, "global_step": 161}
{"stats/learning_rate": 0.001949, "global_step": 162}
{"stats/learning_rate": 0.001958, "global_step": 163}
{"stats/learning_rate": 0.001967, "global_step": 164}
{"stats/learning_rate": 0.001976, "global_step": 165}
{"stats/learning_rate": 0.001985, "global_step": 166}
{"stats/learning_rate": 0.0019939999999999997, "global_step": 167}
{"stats/learning_rate": 0.002003, "global_step": 168}
{"stats/learning_rate": 0.0020120000000000003, "global_step": 169}
{"stats/learning_rate": 0.0020210000000000002, "global_step": 170}
{"stats/learning_rate": 0.0020300000000000006, "global_step": 171}
{"stats/learning_rate": 0.0020390000000000004, "global_step": 172}
{"stats/learning_rate": 0.0020480000000000008, "global_step": 173}
{"stats/learning_rate": 0.0020570000000000007, "global_step": 174}
{"stats/learning_rate": 0.0020660000000000006, "global_step": 175}
{"stats/learning_rate": 0.0020750000000000005, "global_step": 176}
{"stats/learning_rate": 0.0020840000000000008, "global_step": 177}
{"stats/learning_rate": 0.002093000000000001, "global_step": 178}
{"stats/learning_rate": 0.002102000000000001, "global_step": 179}
{"loss/regression_loss": 2.736626386642456, "loss/classification_loss": 8.97957992553711, "loss/total_loss": 11.716206550598145, "global_step": 180}
{"stats/learning_rate": 0.002120000000000001, "global_step": 181}
{"stats/learning_rate": 0.0021290000000000007, "global_step": 182}
{"stats/learning_rate": 0.002138000000000001, "global_step": 183}
{"stats/learning_rate": 0.0021470000000000013, "global_step": 184}
{"stats/learning_rate": 0.0021560000000000012, "global_step": 185}
{"stats/learning_rate": 0.0021650000000000016, "global_step": 186}
{"stats/learning_rate": 0.002174000000000002, "global_step": 187}
{"stats/learning_rate": 0.0021830000000000018, "global_step": 188}
{"stats/learning_rate": 0.002192000000000002, "global_step": 189}
{"stats/learning_rate": 0.0022010000000000024, "global_step": 190}
{"stats/learning_rate": 0.0022100000000000023, "global_step": 191}
{"stats/learning_rate": 0.0022190000000000022, "global_step": 192}
{"stats/learning_rate": 0.002228000000000002, "global_step": 193}
{"stats/learning_rate": 0.002237000000000002, "global_step": 194}
{"stats/learning_rate": 0.002246000000000002, "global_step": 195}
{"stats/learning_rate": 0.002255000000000002, "global_step": 196}
{"stats/learning_rate": 0.0022640000000000017, "global_step": 197}
{"stats/learning_rate": 0.0022730000000000016, "global_step": 198}
{"stats/learning_rate": 0.002282000000000002, "global_step": 199}
{"loss/regression_loss": 2.73439359664917, "loss/classification_loss": 8.872282028198242, "loss/total_loss": 11.60667610168457, "global_step": 200}
{"stats/learning_rate": 0.002300000000000002, "global_step": 201}
{"stats/learning_rate": 0.002309000000000002, "global_step": 202}
{"stats/learning_rate": 0.002318000000000002, "global_step": 203}
{"stats/learning_rate": 0.002327000000000002, "global_step": 204}
{"stats/learning_rate": 0.0023360000000000017, "global_step": 205}
{"stats/learning_rate": 0.0023450000000000016, "global_step": 206}
{"stats/learning_rate": 0.0023540000000000015, "global_step": 207}
{"stats/learning_rate": 0.0023630000000000014, "global_step": 208}
{"stats/learning_rate": 0.0023720000000000013, "global_step": 209}
{"stats/learning_rate": 0.0023810000000000016, "global_step": 210}
{"stats/learning_rate": 0.0023900000000000015, "global_step": 211}
{"stats/learning_rate": 0.0023990000000000014, "global_step": 212}
{"stats/learning_rate": 0.0024080000000000013, "global_step": 213}
{"stats/learning_rate": 0.002417000000000001, "global_step": 214}
{"stats/learning_rate": 0.0024260000000000015, "global_step": 215}
{"stats/learning_rate": 0.0024350000000000014, "global_step": 216}
{"stats/learning_rate": 0.0024440000000000017, "global_step": 217}
{"stats/learning_rate": 0.002453000000000002, "global_step": 218}
{"stats/learning_rate": 0.0024620000000000024, "global_step": 219}
{"loss/regression_loss": 2.744677782058716, "loss/classification_loss": 8.737759590148926, "loss/total_loss": 11.482437133789062, "global_step": 220}
{"stats/learning_rate": 0.0024800000000000026, "global_step": 221}
{"stats/learning_rate": 0.0024890000000000025, "global_step": 222}
{"stats/learning_rate": 0.0024980000000000024, "global_step": 223}
{"stats/learning_rate": 0.0025070000000000023, "global_step": 224}
{"stats/learning_rate": 0.0025160000000000026, "global_step": 225}
{"stats/learning_rate": 0.0025250000000000025, "global_step": 226}
{"stats/learning_rate": 0.0025340000000000024, "global_step": 227}
{"stats/learning_rate": 0.0025430000000000027, "global_step": 228}
{"stats/learning_rate": 0.0025520000000000026, "global_step": 229}
{"stats/learning_rate": 0.0025610000000000025, "global_step": 230}
{"stats/learning_rate": 0.0025700000000000024, "global_step": 231}
{"stats/learning_rate": 0.0025790000000000023, "global_step": 232}
{"stats/learning_rate": 0.002588000000000002, "global_step": 233}
{"stats/learning_rate": 0.002597000000000002, "global_step": 234}
{"stats/learning_rate": 0.002606000000000002, "global_step": 235}
{"stats/learning_rate": 0.002615000000000002, "global_step": 236}
{"stats/learning_rate": 0.002624000000000002, "global_step": 237}
{"stats/learning_rate": 0.002633000000000002, "global_step": 238}
{"stats/learning_rate": 0.002642000000000002, "global_step": 239}
{"loss/regression_loss": 2.7087655067443848, "loss/classification_loss": 8.611811637878418, "loss/total_loss": 11.320577621459961, "global_step": 240}
{"stats/learning_rate": 0.0026600000000000018, "global_step": 241}
{"stats/learning_rate": 0.002669000000000002, "global_step": 242}
{"stats/learning_rate": 0.002678000000000002, "global_step": 243}
{"stats/learning_rate": 0.002687000000000002, "global_step": 244}
{"stats/learning_rate": 0.002696000000000002, "global_step": 245}
{"stats/learning_rate": 0.002705000000000002, "global_step": 246}
{"stats/learning_rate": 0.002714000000000002, "global_step": 247}
{"stats/learning_rate": 0.002723000000000002, "global_step": 248}
{"stats/learning_rate": 0.002732000000000002, "global_step": 249}
{"stats/learning_rate": 0.0027410000000000017, "global_step": 250}
{"stats/learning_rate": 0.0027500000000000016, "global_step": 251}
{"stats/learning_rate": 0.002759000000000002, "global_step": 252}
{"stats/learning_rate": 0.002768000000000002, "global_step": 253}
{"stats/learning_rate": 0.0027770000000000017, "global_step": 254}
{"stats/learning_rate": 0.0027860000000000016, "global_step": 255}
{"stats/learning_rate": 0.002795000000000002, "global_step": 256}
{"stats/learning_rate": 0.002804000000000002, "global_step": 257}
{"stats/learning_rate": 0.0028130000000000017, "global_step": 258}
{"stats/learning_rate": 0.002822000000000002, "global_step": 259}
{"loss/regression_loss": 2.666783332824707, "loss/classification_loss": 8.466289520263672, "loss/total_loss": 11.133072853088379, "global_step": 260}
{"stats/learning_rate": 0.002840000000000002, "global_step": 261}
{"stats/learning_rate": 0.002849000000000002, "global_step": 262}
{"stats/learning_rate": 0.002858000000000002, "global_step": 263}
{"stats/learning_rate": 0.0028670000000000024, "global_step": 264}
{"stats/learning_rate": 0.0028760000000000023, "global_step": 265}
{"stats/learning_rate": 0.002885000000000002, "global_step": 266}
{"stats/learning_rate": 0.002894000000000002, "global_step": 267}
{"stats/learning_rate": 0.002903000000000002, "global_step": 268}
{"stats/learning_rate": 0.0029120000000000023, "global_step": 269}
{"stats/learning_rate": 0.0029210000000000026, "global_step": 270}
{"stats/learning_rate": 0.0029300000000000025, "global_step": 271}
{"stats/learning_rate": 0.002939000000000003, "global_step": 272}
{"stats/learning_rate": 0.0029480000000000027, "global_step": 273}
{"stats/learning_rate": 0.0029570000000000026, "global_step": 274}
{"stats/learning_rate": 0.002966000000000003, "global_step": 275}
{"stats/learning_rate": 0.002975000000000003, "global_step": 276}
{"stats/learning_rate": 0.0029840000000000027, "global_step": 277}
{"stats/learning_rate": 0.0029930000000000026, "global_step": 278}
{"stats/learning_rate": 0.003002000000000003, "global_step": 279}
{"loss/regression_loss": 2.6893248558044434, "loss/classification_loss": 8.331275939941406, "loss/total_loss": 11.020601272583008, "global_step": 280}
{"stats/learning_rate": 0.003020000000000003, "global_step": 281}
{"stats/learning_rate": 0.003029000000000003, "global_step": 282}
{"stats/learning_rate": 0.0030380000000000034, "global_step": 283}
{"stats/learning_rate": 0.0030470000000000037, "global_step": 284}
{"stats/learning_rate": 0.003056000000000004, "global_step": 285}
{"stats/learning_rate": 0.003065000000000004, "global_step": 286}
{"stats/learning_rate": 0.003074000000000004, "global_step": 287}
{"stats/learning_rate": 0.003083000000000004, "global_step": 288}
{"stats/learning_rate": 0.0030920000000000045, "global_step": 289}
{"stats/learning_rate": 0.003101000000000005, "global_step": 290}
{"stats/learning_rate": 0.0031100000000000047, "global_step": 291}
{"stats/learning_rate": 0.0031190000000000046, "global_step": 292}
{"stats/learning_rate": 0.003128000000000005, "global_step": 293}
{"stats/learning_rate": 0.003137000000000005, "global_step": 294}
{"stats/learning_rate": 0.003146000000000005, "global_step": 295}
{"stats/learning_rate": 0.003155000000000005, "global_step": 296}
{"stats/learning_rate": 0.0031640000000000053, "global_step": 297}
{"stats/learning_rate": 0.0031730000000000052, "global_step": 298}
{"stats/learning_rate": 0.003182000000000005, "global_step": 299}
{"loss/regression_loss": 2.6482620239257812, "loss/classification_loss": 8.179201126098633, "loss/total_loss": 10.827463150024414, "global_step": 300}
{"stats/learning_rate": 0.0032000000000000054, "global_step": 301}
{"stats/learning_rate": 0.0032090000000000057, "global_step": 302}
{"stats/learning_rate": 0.0032180000000000056, "global_step": 303}
{"stats/learning_rate": 0.0032270000000000055, "global_step": 304}
{"stats/learning_rate": 0.003236000000000006, "global_step": 305}
{"stats/learning_rate": 0.0032450000000000057, "global_step": 306}
{"stats/learning_rate": 0.0032540000000000056, "global_step": 307}
{"stats/learning_rate": 0.003263000000000006, "global_step": 308}
{"stats/learning_rate": 0.003272000000000006, "global_step": 309}
{"stats/learning_rate": 0.0032810000000000057, "global_step": 310}
{"stats/learning_rate": 0.003290000000000006, "global_step": 311}
{"stats/epoch_time": 58.25239014625549, "global_step": 312}
{"metrics/mAP@0.5": 0.0, "metrics/AP_0": 0.0, "metrics/AP_1": 0.0, "metrics/AP_2": 0.0, "metrics/AP_3": 0.0, "metrics/AP_4": 0.0, "metrics/AP_5": 0.0, "metrics/AP_6": 0.0, "metrics/AP_7": 0.0, "metrics/AP_8": 0.0, "metrics/AP_9": 0.0, "global_step": 312}
{"stats/learning_rate": 0.0032990000000000064, "global_step": 312}
{"stats/learning_rate": 0.0033080000000000067, "global_step": 313}
{"stats/learning_rate": 0.0033170000000000066, "global_step": 314}
{"stats/learning_rate": 0.003326000000000007, "global_step": 315}
{"stats/learning_rate": 0.003335000000000007, "global_step": 316}
{"stats/learning_rate": 0.0033440000000000067, "global_step": 317}
{"stats/learning_rate": 0.003353000000000007, "global_step": 318}
{"stats/learning_rate": 0.0033620000000000073, "global_step": 319}
{"loss/regression_loss": 2.6126115322113037, "loss/classification_loss": 8.03762435913086, "loss/total_loss": 10.650236129760742, "global_step": 320}
{"stats/learning_rate": 0.0033800000000000076, "global_step": 321}
{"stats/learning_rate": 0.0033890000000000075, "global_step": 322}
{"stats/learning_rate": 0.003398000000000008, "global_step": 323}
{"stats/learning_rate": 0.0034070000000000077, "global_step": 324}
{"stats/learning_rate": 0.0034160000000000076, "global_step": 325}
{"stats/learning_rate": 0.003425000000000008, "global_step": 326}
{"stats/learning_rate": 0.003434000000000008, "global_step": 327}
{"stats/learning_rate": 0.003443000000000008, "global_step": 328}
{"stats/learning_rate": 0.003452000000000008, "global_step": 329}
{"stats/learning_rate": 0.0034610000000000083, "global_step": 330}
{"stats/learning_rate": 0.0034700000000000082, "global_step": 331}
{"stats/learning_rate": 0.003479000000000008, "global_step": 332}
{"stats/learning_rate": 0.003488000000000008, "global_step": 333}
{"stats/learning_rate": 0.003497000000000008, "global_step": 334}
{"stats/learning_rate": 0.003506000000000008, "global_step": 335}
{"stats/learning_rate": 0.003515000000000008, "global_step": 336}
{"stats/learning_rate": 0.0035240000000000085, "global_step": 337}
{"stats/learning_rate": 0.0035330000000000084, "global_step": 338}
{"stats/learning_rate": 0.0035420000000000082, "global_step": 339}
{"loss/regression_loss": 2.613240957260132, "loss/classification_loss": 7.873607158660889, "loss/total_loss": 10.486847877502441, "global_step": 340}
{"stats/learning_rate": 0.0035600000000000085, "global_step": 341}
{"stats/learning_rate": 0.003569000000000009, "global_step": 342}
{"stats/learning_rate": 0.003578000000000009, "global_step": 343}
{"stats/learning_rate": 0.003587000000000009, "global_step": 344}
{"stats/learning_rate": 0.003596000000000009, "global_step": 345}
{"stats/learning_rate": 0.0036050000000000092, "global_step": 346}
{"stats/learning_rate": 0.003614000000000009, "global_step": 347}
{"stats/learning_rate": 0.0036230000000000095, "global_step": 348}
{"stats/learning_rate": 0.0036320000000000094, "global_step": 349}
{"stats/learning_rate": 0.003641000000000009, "global_step": 350}
{"stats/learning_rate": 0.003650000000000009, "global_step": 351}
{"stats/learning_rate": 0.003659000000000009, "global_step": 352}
{"stats/learning_rate": 0.003668000000000009, "global_step": 353}
{"stats/learning_rate": 0.0036770000000000093, "global_step": 354}
{"stats/learning_rate": 0.0036860000000000096, "global_step": 355}
{"stats/learning_rate": 0.0036950000000000095, "global_step": 356}
{"stats/learning_rate": 0.00370400000000001, "global_step": 357}
{"stats/learning_rate": 0.0037130000000000097, "global_step": 358}
{"stats/learning_rate": 0.0037220000000000096, "global_step": 359}
{"loss/regression_loss": 2.5813357830047607, "loss/classification_loss": 7.713638782501221, "loss/total_loss": 10.294974327087402, "global_step": 360}
{"stats/learning_rate": 0.00374000000000001, "global_step": 361}
{"stats/learning_rate": 0.00374900000000001, "global_step": 362}
{"stats/learning_rate": 0.00375800000000001, "global_step": 363}
{"stats/learning_rate": 0.0037670000000000104, "global_step": 364}
{"stats/learning_rate": 0.0037760000000000107, "global_step": 365}
{"stats/learning_rate": 0.0037850000000000106, "global_step": 366}
{"stats/learning_rate": 0.003794000000000011, "global_step": 367}
{"stats/learning_rate": 0.003803000000000011, "global_step": 368}
{"stats/learning_rate": 0.0038120000000000103, "global_step": 369}
{"stats/learning_rate": 0.00382100000000001, "global_step": 370}
{"stats/learning_rate": 0.0038300000000000105, "global_step": 371}
{"stats/learning_rate": 0.00383900000000001, "global_step": 372}
{"stats/learning_rate": 0.00384800000000001, "global_step": 373}
{"stats/learning_rate": 0.0038570000000000097, "global_step": 374}
{"stats/learning_rate": 0.0038660000000000096, "global_step": 375}
{"stats/learning_rate": 0.00387500000000001, "global_step": 376}
{"stats/learning_rate": 0.00388400000000001, "global_step": 377}
{"stats/learning_rate": 0.0038930000000000097, "global_step": 378}
{"stats/learning_rate": 0.003902000000000009, "global_step": 379}
{"loss/regression_loss": 2.6209001541137695, "loss/classification_loss": 7.568327903747559, "loss/total_loss": 10.189228057861328, "global_step": 380}
{"stats/learning_rate": 0.003920000000000009, "global_step": 381}
{"stats/learning_rate": 0.00392900000000001, "global_step": 382}
{"stats/learning_rate": 0.00393800000000001, "global_step": 383}
{"stats/learning_rate": 0.00394700000000001, "global_step": 384}
{"stats/learning_rate": 0.00395600000000001, "global_step": 385}
{"stats/learning_rate": 0.003965000000000009, "global_step": 386}
{"stats/learning_rate": 0.00397400000000001, "global_step": 387}
{"stats/learning_rate": 0.003983000000000009, "global_step": 388}
{"stats/learning_rate": 0.003992000000000009, "global_step": 389}
{"stats/learning_rate": 0.00400100000000001, "global_step": 390}
{"stats/learning_rate": 0.00401000000000001, "global_step": 391}
{"stats/learning_rate": 0.00401900000000001, "global_step": 392}
{"stats/learning_rate": 0.004028000000000011, "global_step": 393}
{"stats/learning_rate": 0.004037000000000011, "global_step": 394}
{"stats/learning_rate": 0.004046000000000011, "global_step": 395}
{"stats/learning_rate": 0.004055000000000012, "global_step": 396}
{"stats/learning_rate": 0.004064000000000012, "global_step": 397}
{"stats/learning_rate": 0.0040730000000000115, "global_step": 398}
{"stats/learning_rate": 0.004082000000000012, "global_step": 399}
{"loss/regression_loss": 2.5690958499908447, "loss/classification_loss": 7.391468048095703, "loss/total_loss": 9.960563659667969, "global_step": 400}
{"stats/learning_rate": 0.004100000000000012, "global_step": 401}
{"stats/learning_rate": 0.004109000000000012, "global_step": 402}
{"stats/learning_rate": 0.004118000000000012, "global_step": 403}
{"stats/learning_rate": 0.004127000000000013, "global_step": 404}
{"stats/learning_rate": 0.004136000000000013, "global_step": 405}
{"stats/learning_rate": 0.004145000000000013, "global_step": 406}
{"stats/learning_rate": 0.004154000000000014, "global_step": 407}
{"stats/learning_rate": 0.004163000000000014, "global_step": 408}
{"stats/learning_rate": 0.004172000000000014, "global_step": 409}
{"stats/learning_rate": 0.0041810000000000146, "global_step": 410}
{"stats/learning_rate": 0.004190000000000015, "global_step": 411}
{"stats/learning_rate": 0.004199000000000014, "global_step": 412}
{"stats/learning_rate": 0.004208000000000014, "global_step": 413}
{"stats/learning_rate": 0.004217000000000014, "global_step": 414}
{"stats/learning_rate": 0.0042260000000000145, "global_step": 415}
{"stats/learning_rate": 0.004235000000000015, "global_step": 416}
{"stats/learning_rate": 0.004244000000000015, "global_step": 417}
{"stats/learning_rate": 0.004253000000000015, "global_step": 418}
{"stats/learning_rate": 0.004262000000000015, "global_step": 419}
{"loss/regression_loss": 2.6155455112457275, "loss/classification_loss": 7.2472052574157715, "loss/total_loss": 9.862751007080078, "global_step": 420}
{"stats/learning_rate": 0.0042800000000000156, "global_step": 421}
{"stats/learning_rate": 0.004289000000000016, "global_step": 422}
{"stats/learning_rate": 0.004298000000000016, "global_step": 423}
{"stats/learning_rate": 0.004307000000000016, "global_step": 424}
{"stats/learning_rate": 0.004316000000000016, "global_step": 425}
{"stats/learning_rate": 0.004325000000000016, "global_step": 426}
{"stats/learning_rate": 0.004334000000000017, "global_step": 427}
{"stats/learning_rate": 0.004343000000000016, "global_step": 428}
{"stats/learning_rate": 0.0043520000000000164, "global_step": 429}
{"stats/learning_rate": 0.004361000000000016, "global_step": 430}
{"stats/learning_rate": 0.004370000000000016, "global_step": 431}
{"stats/learning_rate": 0.0043790000000000166, "global_step": 432}
{"stats/learning_rate": 0.004388000000000017, "global_step": 433}
{"stats/learning_rate": 0.004397000000000017, "global_step": 434}
{"stats/learning_rate": 0.004406000000000017, "global_step": 435}
{"stats/learning_rate": 0.004415000000000017, "global_step": 436}
{"stats/learning_rate": 0.004424000000000017, "global_step": 437}
{"stats/learning_rate": 0.004433000000000018, "global_step": 438}
{"stats/learning_rate": 0.004442000000000018, "global_step": 439}
{"loss/regression_loss": 2.536435127258301, "loss/classification_loss": 7.073378086090088, "loss/total_loss": 9.609813690185547, "global_step": 440}
{"stats/learning_rate": 0.004460000000000019, "global_step": 441}
{"stats/learning_rate": 0.004469000000000018, "global_step": 442}
{"stats/learning_rate": 0.0044780000000000176, "global_step": 443}
{"stats/learning_rate": 0.004487000000000018, "global_step": 444}
{"stats/learning_rate": 0.004496000000000017, "global_step": 445}
{"stats/learning_rate": 0.004505000000000018, "global_step": 446}
{"stats/learning_rate": 0.004514000000000017, "global_step": 447}
{"stats/learning_rate": 0.004523000000000017, "global_step": 448}
{"stats/learning_rate": 0.004532000000000017, "global_step": 449}
{"stats/learning_rate": 0.004541000000000016, "global_step": 450}
{"stats/learning_rate": 0.004550000000000017, "global_step": 451}
{"stats/learning_rate": 0.004559000000000016, "global_step": 452}
{"stats/learning_rate": 0.0045680000000000165, "global_step": 453}
{"stats/learning_rate": 0.004577000000000017, "global_step": 454}
{"stats/learning_rate": 0.004586000000000017, "global_step": 455}
{"stats/learning_rate": 0.0045950000000000175, "global_step": 456}
{"stats/learning_rate": 0.004604000000000018, "global_step": 457}
{"stats/learning_rate": 0.004613000000000018, "global_step": 458}
{"stats/learning_rate": 0.004622000000000018, "global_step": 459}
{"loss/regression_loss": 2.530405044555664, "loss/classification_loss": 6.912449836730957, "loss/total_loss": 9.442854881286621, "global_step": 460}
{"stats/learning_rate": 0.0046400000000000165, "global_step": 461}
{"stats/learning_rate": 0.004649000000000017, "global_step": 462}
{"stats/learning_rate": 0.004658000000000016, "global_step": 463}
{"stats/learning_rate": 0.004667000000000017, "global_step": 464}
{"stats/learning_rate": 0.004676000000000017, "global_step": 465}
{"stats/learning_rate": 0.004685000000000016, "global_step": 466}
{"stats/learning_rate": 0.004694000000000017, "global_step": 467}
{"stats/learning_rate": 0.004703000000000017, "global_step": 468}
{"stats/learning_rate": 0.004712000000000017, "global_step": 469}
{"stats/learning_rate": 0.004721000000000018, "global_step": 470}
{"stats/learning_rate": 0.004730000000000017, "global_step": 471}
{"stats/learning_rate": 0.0047390000000000175, "global_step": 472}
{"stats/learning_rate": 0.004748000000000018, "global_step": 473}
{"stats/learning_rate": 0.004757000000000018, "global_step": 474}
{"stats/learning_rate": 0.0047660000000000185, "global_step": 475}
{"stats/learning_rate": 0.004775000000000018, "global_step": 476}
{"stats/learning_rate": 0.004784000000000018, "global_step": 477}
{"stats/learning_rate": 0.004793000000000019, "global_step": 478}
{"stats/learning_rate": 0.004802000000000019, "global_step": 479}
{"loss/regression_loss": 2.480628728866577, "loss/classification_loss": 6.752834320068359, "loss/total_loss": 9.233463287353516, "global_step": 480}
{"stats/learning_rate": 0.00482000000000002, "global_step": 481}
{"stats/learning_rate": 0.00482900000000002, "global_step": 482}
{"stats/learning_rate": 0.004838000000000019, "global_step": 483}
{"stats/learning_rate": 0.00484700000000002, "global_step": 484}
{"stats/learning_rate": 0.004856000000000019, "global_step": 485}
{"stats/learning_rate": 0.0048650000000000195, "global_step": 486}
{"stats/learning_rate": 0.004874000000000019, "global_step": 487}
{"stats/learning_rate": 0.004883000000000018, "global_step": 488}
{"stats/learning_rate": 0.004892000000000019, "global_step": 489}
{"stats/learning_rate": 0.004901000000000018, "global_step": 490}
{"stats/learning_rate": 0.0049100000000000185, "global_step": 491}
{"stats/learning_rate": 0.004919000000000019, "global_step": 492}
{"stats/learning_rate": 0.004928000000000019, "global_step": 493}
{"stats/learning_rate": 0.0049370000000000195, "global_step": 494}
{"stats/learning_rate": 0.00494600000000002, "global_step": 495}
{"stats/learning_rate": 0.00495500000000002, "global_step": 496}
{"stats/learning_rate": 0.0049640000000000205, "global_step": 497}
{"stats/learning_rate": 0.00497300000000002, "global_step": 498}
{"stats/learning_rate": 0.004982000000000019, "global_step": 499}
{"loss/regression_loss": 2.484020948410034, "loss/classification_loss": 6.603698253631592, "loss/total_loss": 9.087718963623047, "global_step": 500}
{"stats/learning_rate": 0.00500000000000002, "global_step": 501}
{"stats/learning_rate": 0.00500000000000002, "global_step": 502}
{"stats/learning_rate": 0.00500000000000002, "global_step": 503}
{"stats/learning_rate": 0.00500000000000002, "global_step": 504}
{"stats/learning_rate": 0.00500000000000002, "global_step": 505}
{"stats/learning_rate": 0.00500000000000002, "global_step": 506}
{"stats/learning_rate": 0.00500000000000002, "global_step": 507}
{"stats/learning_rate": 0.00500000000000002, "global_step": 508}
{"stats/learning_rate": 0.00500000000000002, "global_step": 509}
{"stats/learning_rate": 0.00500000000000002, "global_step": 510}
{"stats/learning_rate": 0.00500000000000002, "global_step": 511}
{"stats/learning_rate": 0.00500000000000002, "global_step": 512}
{"stats/learning_rate": 0.00500000000000002, "global_step": 513}
{"stats/learning_rate": 0.00500000000000002, "global_step": 514}
{"stats/learning_rate": 0.00500000000000002, "global_step": 515}
{"stats/learning_rate": 0.00500000000000002, "global_step": 516}
{"stats/learning_rate": 0.00500000000000002, "global_step": 517}
{"stats/learning_rate": 0.00500000000000002, "global_step": 518}
{"stats/learning_rate": 0.00500000000000002, "global_step": 519}
{"loss/regression_loss": 2.496703863143921, "loss/classification_loss": 6.444220542907715, "loss/total_loss": 8.940924644470215, "global_step": 520}
{"stats/learning_rate": 0.00500000000000002, "global_step": 521}
{"stats/learning_rate": 0.00500000000000002, "global_step": 522}
{"stats/learning_rate": 0.00500000000000002, "global_step": 523}
{"stats/learning_rate": 0.00500000000000002, "global_step": 524}
{"stats/learning_rate": 0.00500000000000002, "global_step": 525}
{"stats/learning_rate": 0.00500000000000002, "global_step": 526}
{"stats/learning_rate": 0.00500000000000002, "global_step": 527}
{"stats/learning_rate": 0.00500000000000002, "global_step": 528}
{"stats/learning_rate": 0.00500000000000002, "global_step": 529}
{"stats/learning_rate": 0.00500000000000002, "global_step": 530}
{"stats/learning_rate": 0.00500000000000002, "global_step": 531}
{"stats/learning_rate": 0.00500000000000002, "global_step": 532}
{"stats/learning_rate": 0.00500000000000002, "global_step": 533}
{"stats/learning_rate": 0.00500000000000002, "global_step": 534}
{"stats/learning_rate": 0.00500000000000002, "global_step": 535}
{"stats/learning_rate": 0.00500000000000002, "global_step": 536}
{"stats/learning_rate": 0.00500000000000002, "global_step": 537}
{"stats/learning_rate": 0.00500000000000002, "global_step": 538}
{"stats/learning_rate": 0.00500000000000002, "global_step": 539}
{"loss/regression_loss": 2.536459445953369, "loss/classification_loss": 6.306829452514648, "loss/total_loss": 8.84328842163086, "global_step": 540}
{"stats/learning_rate": 0.00500000000000002, "global_step": 541}
{"stats/learning_rate": 0.00500000000000002, "global_step": 542}
{"stats/learning_rate": 0.00500000000000002, "global_step": 543}
{"stats/learning_rate": 0.00500000000000002, "global_step": 544}
{"stats/learning_rate": 0.00500000000000002, "global_step": 545}
{"stats/learning_rate": 0.00500000000000002, "global_step": 546}
{"stats/learning_rate": 0.00500000000000002, "global_step": 547}
{"stats/learning_rate": 0.00500000000000002, "global_step": 548}
{"stats/learning_rate": 0.00500000000000002, "global_step": 549}
{"stats/learning_rate": 0.00500000000000002, "global_step": 550}
{"stats/learning_rate": 0.00500000000000002, "global_step": 551}
{"stats/learning_rate": 0.00500000000000002, "global_step": 552}
{"stats/learning_rate": 0.00500000000000002, "global_step": 553}
{"stats/learning_rate": 0.00500000000000002, "global_step": 554}
{"stats/learning_rate": 0.00500000000000002, "global_step": 555}
{"stats/learning_rate": 0.00500000000000002, "global_step": 556}
{"stats/learning_rate": 0.00500000000000002, "global_step": 557}
{"stats/learning_rate": 0.00500000000000002, "global_step": 558}
{"stats/learning_rate": 0.00500000000000002, "global_step": 559}
{"loss/regression_loss": 2.467484474182129, "loss/classification_loss": 6.176011562347412, "loss/total_loss": 8.643495559692383, "global_step": 560}
{"stats/learning_rate": 0.00500000000000002, "global_step": 561}
{"stats/learning_rate": 0.00500000000000002, "global_step": 562}
{"stats/learning_rate": 0.00500000000000002, "global_step": 563}
{"stats/learning_rate": 0.00500000000000002, "global_step": 564}
{"stats/learning_rate": 0.00500000000000002, "global_step": 565}
{"stats/learning_rate": 0.00500000000000002, "global_step": 566}
{"stats/learning_rate": 0.00500000000000002, "global_step": 567}
{"stats/learning_rate": 0.00500000000000002, "global_step": 568}
{"stats/learning_rate": 0.00500000000000002, "global_step": 569}
{"stats/learning_rate": 0.00500000000000002, "global_step": 570}
{"stats/learning_rate": 0.00500000000000002, "global_step": 571}
{"stats/learning_rate": 0.00500000000000002, "global_step": 572}
{"stats/learning_rate": 0.00500000000000002, "global_step": 573}
{"stats/learning_rate": 0.00500000000000002, "global_step": 574}
{"stats/learning_rate": 0.00500000000000002, "global_step": 575}
{"stats/learning_rate": 0.00500000000000002, "global_step": 576}
{"stats/learning_rate": 0.00500000000000002, "global_step": 577}
{"stats/learning_rate": 0.00500000000000002, "global_step": 578}
{"stats/learning_rate": 0.00500000000000002, "global_step": 579}
{"loss/regression_loss": 2.515474319458008, "loss/classification_loss": 6.053839206695557, "loss/total_loss": 8.569313049316406, "global_step": 580}
{"stats/learning_rate": 0.00500000000000002, "global_step": 581}
{"stats/learning_rate": 0.00500000000000002, "global_step": 582}
{"stats/learning_rate": 0.00500000000000002, "global_step": 583}
{"stats/learning_rate": 0.00500000000000002, "global_step": 584}
{"stats/learning_rate": 0.00500000000000002, "global_step": 585}
{"stats/learning_rate": 0.00500000000000002, "global_step": 586}
{"stats/learning_rate": 0.00500000000000002, "global_step": 587}
{"stats/learning_rate": 0.00500000000000002, "global_step": 588}
{"stats/learning_rate": 0.00500000000000002, "global_step": 589}
{"stats/learning_rate": 0.00500000000000002, "global_step": 590}
{"stats/learning_rate": 0.00500000000000002, "global_step": 591}
{"stats/learning_rate": 0.00500000000000002, "global_step": 592}
{"stats/learning_rate": 0.00500000000000002, "global_step": 593}
{"stats/learning_rate": 0.00500000000000002, "global_step": 594}
{"stats/learning_rate": 0.00500000000000002, "global_step": 595}
{"stats/learning_rate": 0.00500000000000002, "global_step": 596}
{"stats/learning_rate": 0.00500000000000002, "global_step": 597}
{"stats/learning_rate": 0.00500000000000002, "global_step": 598}
{"stats/learning_rate": 0.00500000000000002, "global_step": 599}
{"loss/regression_loss": 2.4632396697998047, "loss/classification_loss": 5.959583282470703, "loss/total_loss": 8.422822952270508, "global_step": 600}
{"stats/learning_rate": 0.00500000000000002, "global_step": 601}
{"stats/learning_rate": 0.00500000000000002, "global_step": 602}
{"stats/learning_rate": 0.00500000000000002, "global_step": 603}
{"stats/learning_rate": 0.00500000000000002, "global_step": 604}
{"stats/learning_rate": 0.00500000000000002, "global_step": 605}
{"stats/learning_rate": 0.00500000000000002, "global_step": 606}
{"stats/learning_rate": 0.00500000000000002, "global_step": 607}
{"stats/learning_rate": 0.00500000000000002, "global_step": 608}
{"stats/learning_rate": 0.00500000000000002, "global_step": 609}
{"stats/learning_rate": 0.00500000000000002, "global_step": 610}
{"stats/learning_rate": 0.00500000000000002, "global_step": 611}
{"stats/learning_rate": 0.00500000000000002, "global_step": 612}
{"stats/learning_rate": 0.00500000000000002, "global_step": 613}
{"stats/learning_rate": 0.00500000000000002, "global_step": 614}
{"stats/learning_rate": 0.00500000000000002, "global_step": 615}
{"stats/learning_rate": 0.00500000000000002, "global_step": 616}
{"stats/learning_rate": 0.00500000000000002, "global_step": 617}
{"stats/learning_rate": 0.00500000000000002, "global_step": 618}
{"stats/learning_rate": 0.00500000000000002, "global_step": 619}
{"loss/regression_loss": 2.416877031326294, "loss/classification_loss": 5.83978796005249, "loss/total_loss": 8.256665229797363, "global_step": 620}
{"stats/learning_rate": 0.00500000000000002, "global_step": 621}
{"stats/learning_rate": 0.00500000000000002, "global_step": 622}
{"stats/learning_rate": 0.00500000000000002, "global_step": 623}
{"stats/epoch_time": 53.38982129096985, "global_step": 624}
{"global_step": 624}
{"stats/learning_rate": 0.00500000000000002, "global_step": 624}
{"stats/learning_rate": 0.00500000000000002, "global_step": 625}
{"stats/learning_rate": 0.00500000000000002, "global_step": 626}
{"stats/learning_rate": 0.00500000000000002, "global_step": 627}
{"stats/learning_rate": 0.00500000000000002, "global_step": 628}
{"stats/learning_rate": 0.00500000000000002, "global_step": 629}
{"stats/learning_rate": 0.00500000000000002, "global_step": 630}
{"stats/learning_rate": 0.00500000000000002, "global_step": 631}
{"stats/learning_rate": 0.00500000000000002, "global_step": 632}
{"stats/learning_rate": 0.00500000000000002, "global_step": 633}
{"stats/learning_rate": 0.00500000000000002, "global_step": 634}
{"stats/learning_rate": 0.00500000000000002, "global_step": 635}
{"stats/learning_rate": 0.00500000000000002, "global_step": 636}
{"stats/learning_rate": 0.00500000000000002, "global_step": 637}
{"stats/learning_rate": 0.00500000000000002, "global_step": 638}
{"stats/learning_rate": 0.00500000000000002, "global_step": 639}
{"loss/regression_loss": 2.4862496852874756, "loss/classification_loss": 5.741681098937988, "loss/total_loss": 8.227931022644043, "global_step": 640}
{"stats/learning_rate": 0.00500000000000002, "global_step": 641}
{"stats/learning_rate": 0.00500000000000002, "global_step": 642}
{"stats/learning_rate": 0.00500000000000002, "global_step": 643}
{"stats/learning_rate": 0.00500000000000002, "global_step": 644}
{"stats/learning_rate": 0.00500000000000002, "global_step": 645}
{"stats/learning_rate": 0.00500000000000002, "global_step": 646}
{"stats/learning_rate": 0.00500000000000002, "global_step": 647}
{"stats/learning_rate": 0.00500000000000002, "global_step": 648}
{"stats/learning_rate": 0.00500000000000002, "global_step": 649}
{"stats/learning_rate": 0.00500000000000002, "global_step": 650}
{"stats/learning_rate": 0.00500000000000002, "global_step": 651}
{"stats/learning_rate": 0.00500000000000002, "global_step": 652}
{"stats/learning_rate": 0.00500000000000002, "global_step": 653}
{"stats/learning_rate": 0.00500000000000002, "global_step": 654}
{"stats/learning_rate": 0.00500000000000002, "global_step": 655}
{"stats/learning_rate": 0.00500000000000002, "global_step": 656}
{"stats/learning_rate": 0.00500000000000002, "global_step": 657}
{"stats/learning_rate": 0.00500000000000002, "global_step": 658}
{"stats/learning_rate": 0.00500000000000002, "global_step": 659}
{"loss/regression_loss": 2.441676616668701, "loss/classification_loss": 5.652887344360352, "loss/total_loss": 8.094564437866211, "global_step": 660}
{"stats/learning_rate": 0.00500000000000002, "global_step": 661}
{"stats/learning_rate": 0.00500000000000002, "global_step": 662}
{"stats/learning_rate": 0.00500000000000002, "global_step": 663}
{"stats/learning_rate": 0.00500000000000002, "global_step": 664}
{"stats/learning_rate": 0.00500000000000002, "global_step": 665}
{"stats/learning_rate": 0.00500000000000002, "global_step": 666}
{"stats/learning_rate": 0.00500000000000002, "global_step": 667}
{"stats/learning_rate": 0.00500000000000002, "global_step": 668}
{"stats/learning_rate": 0.00500000000000002, "global_step": 669}
{"stats/learning_rate": 0.00500000000000002, "global_step": 670}
{"stats/learning_rate": 0.00500000000000002, "global_step": 671}
{"stats/learning_rate": 0.00500000000000002, "global_step": 672}
{"stats/learning_rate": 0.00500000000000002, "global_step": 673}
{"stats/learning_rate": 0.00500000000000002, "global_step": 674}
{"stats/learning_rate": 0.00500000000000002, "global_step": 675}
{"stats/learning_rate": 0.00500000000000002, "global_step": 676}
{"stats/learning_rate": 0.00500000000000002, "global_step": 677}
{"stats/learning_rate": 0.00500000000000002, "global_step": 678}
{"stats/learning_rate": 0.00500000000000002, "global_step": 679}
{"loss/regression_loss": 2.4423916339874268, "loss/classification_loss": 5.557288646697998, "loss/total_loss": 7.999680519104004, "global_step": 680}
{"stats/learning_rate": 0.00500000000000002, "global_step": 681}
{"stats/learning_rate": 0.00500000000000002, "global_step": 682}
{"stats/learning_rate": 0.00500000000000002, "global_step": 683}
{"stats/learning_rate": 0.00500000000000002, "global_step": 684}
{"stats/learning_rate": 0.00500000000000002, "global_step": 685}
{"stats/learning_rate": 0.00500000000000002, "global_step": 686}
{"stats/learning_rate": 0.00500000000000002, "global_step": 687}
{"stats/learning_rate": 0.00500000000000002, "global_step": 688}
{"stats/learning_rate": 0.00500000000000002, "global_step": 689}
{"stats/learning_rate": 0.00500000000000002, "global_step": 690}
{"stats/learning_rate": 0.00500000000000002, "global_step": 691}
{"stats/learning_rate": 0.00500000000000002, "global_step": 692}
{"stats/learning_rate": 0.00500000000000002, "global_step": 693}
{"stats/learning_rate": 0.00500000000000002, "global_step": 694}
{"stats/learning_rate": 0.00500000000000002, "global_step": 695}
{"stats/learning_rate": 0.00500000000000002, "global_step": 696}
{"stats/learning_rate": 0.00500000000000002, "global_step": 697}
{"stats/learning_rate": 0.00500000000000002, "global_step": 698}
{"stats/learning_rate": 0.00500000000000002, "global_step": 699}
{"loss/regression_loss": 2.4212486743927, "loss/classification_loss": 5.494415283203125, "loss/total_loss": 7.915663719177246, "global_step": 700}
{"stats/learning_rate": 0.00500000000000002, "global_step": 701}
{"stats/learning_rate": 0.00500000000000002, "global_step": 702}
{"stats/learning_rate": 0.00500000000000002, "global_step": 703}
{"stats/learning_rate": 0.00500000000000002, "global_step": 704}
{"stats/learning_rate": 0.00500000000000002, "global_step": 705}
{"stats/learning_rate": 0.00500000000000002, "global_step": 706}
{"stats/learning_rate": 0.00500000000000002, "global_step": 707}
{"stats/learning_rate": 0.00500000000000002, "global_step": 708}
{"stats/learning_rate": 0.00500000000000002, "global_step": 709}
{"stats/learning_rate": 0.00500000000000002, "global_step": 710}
{"stats/learning_rate": 0.00500000000000002, "global_step": 711}
{"stats/learning_rate": 0.00500000000000002, "global_step": 712}
{"stats/learning_rate": 0.00500000000000002, "global_step": 713}
{"stats/learning_rate": 0.00500000000000002, "global_step": 714}
{"stats/learning_rate": 0.00500000000000002, "global_step": 715}
{"stats/learning_rate": 0.00500000000000002, "global_step": 716}
{"stats/learning_rate": 0.00500000000000002, "global_step": 717}
{"stats/learning_rate": 0.00500000000000002, "global_step": 718}
{"stats/learning_rate": 0.00500000000000002, "global_step": 719}
{"loss/regression_loss": 2.452735662460327, "loss/classification_loss": 5.4168701171875, "loss/total_loss": 7.869606018066406, "global_step": 720}
{"stats/learning_rate": 0.00500000000000002, "global_step": 721}
{"stats/learning_rate": 0.00500000000000002, "global_step": 722}
{"stats/learning_rate": 0.00500000000000002, "global_step": 723}
{"stats/learning_rate": 0.00500000000000002, "global_step": 724}
{"stats/learning_rate": 0.00500000000000002, "global_step": 725}
{"stats/learning_rate": 0.00500000000000002, "global_step": 726}
{"stats/learning_rate": 0.00500000000000002, "global_step": 727}
{"stats/learning_rate": 0.00500000000000002, "global_step": 728}
{"stats/learning_rate": 0.00500000000000002, "global_step": 729}
{"stats/learning_rate": 0.00500000000000002, "global_step": 730}
{"stats/learning_rate": 0.00500000000000002, "global_step": 731}
{"stats/learning_rate": 0.00500000000000002, "global_step": 732}
{"stats/learning_rate": 0.00500000000000002, "global_step": 733}
{"stats/learning_rate": 0.00500000000000002, "global_step": 734}
{"stats/learning_rate": 0.00500000000000002, "global_step": 735}
{"stats/learning_rate": 0.00500000000000002, "global_step": 736}
{"stats/learning_rate": 0.00500000000000002, "global_step": 737}
{"stats/learning_rate": 0.00500000000000002, "global_step": 738}
{"stats/learning_rate": 0.00500000000000002, "global_step": 739}
{"loss/regression_loss": 2.4375052452087402, "loss/classification_loss": 5.37237024307251, "loss/total_loss": 7.80987548828125, "global_step": 740}
{"stats/learning_rate": 0.00500000000000002, "global_step": 741}
{"stats/learning_rate": 0.00500000000000002, "global_step": 742}
{"stats/learning_rate": 0.00500000000000002, "global_step": 743}
{"stats/learning_rate": 0.00500000000000002, "global_step": 744}
{"stats/learning_rate": 0.00500000000000002, "global_step": 745}
{"stats/learning_rate": 0.00500000000000002, "global_step": 746}
{"stats/learning_rate": 0.00500000000000002, "global_step": 747}
{"stats/learning_rate": 0.00500000000000002, "global_step": 748}
{"stats/learning_rate": 0.00500000000000002, "global_step": 749}
{"stats/learning_rate": 0.00500000000000002, "global_step": 750}
{"stats/learning_rate": 0.00500000000000002, "global_step": 751}
{"stats/learning_rate": 0.00500000000000002, "global_step": 752}
{"stats/learning_rate": 0.00500000000000002, "global_step": 753}
{"stats/learning_rate": 0.00500000000000002, "global_step": 754}
{"stats/learning_rate": 0.00500000000000002, "global_step": 755}
{"stats/learning_rate": 0.00500000000000002, "global_step": 756}
{"stats/learning_rate": 0.00500000000000002, "global_step": 757}
{"stats/learning_rate": 0.00500000000000002, "global_step": 758}
{"stats/learning_rate": 0.00500000000000002, "global_step": 759}
{"loss/regression_loss": 2.4192466735839844, "loss/classification_loss": 5.311147689819336, "loss/total_loss": 7.73039436340332, "global_step": 760}
{"stats/learning_rate": 0.00500000000000002, "global_step": 761}
{"stats/learning_rate": 0.00500000000000002, "global_step": 762}
{"stats/learning_rate": 0.00500000000000002, "global_step": 763}
{"stats/learning_rate": 0.00500000000000002, "global_step": 764}
{"stats/learning_rate": 0.00500000000000002, "global_step": 765}
{"stats/learning_rate": 0.00500000000000002, "global_step": 766}
{"stats/learning_rate": 0.00500000000000002, "global_step": 767}
{"stats/learning_rate": 0.00500000000000002, "global_step": 768}
{"stats/learning_rate": 0.00500000000000002, "global_step": 769}
{"stats/learning_rate": 0.00500000000000002, "global_step": 770}
{"stats/learning_rate": 0.00500000000000002, "global_step": 771}
{"stats/learning_rate": 0.00500000000000002, "global_step": 772}
{"stats/learning_rate": 0.00500000000000002, "global_step": 773}
{"stats/learning_rate": 0.00500000000000002, "global_step": 774}
{"stats/learning_rate": 0.00500000000000002, "global_step": 775}
{"stats/learning_rate": 0.00500000000000002, "global_step": 776}
{"stats/learning_rate": 0.00500000000000002, "global_step": 777}
{"stats/learning_rate": 0.00500000000000002, "global_step": 778}
{"stats/learning_rate": 0.00500000000000002, "global_step": 779}
{"loss/regression_loss": 2.3835136890411377, "loss/classification_loss": 5.256130695343018, "loss/total_loss": 7.639644622802734, "global_step": 780}
{"stats/learning_rate": 0.00500000000000002, "global_step": 781}
{"stats/learning_rate": 0.00500000000000002, "global_step": 782}
{"stats/learning_rate": 0.00500000000000002, "global_step": 783}
{"stats/learning_rate": 0.00500000000000002, "global_step": 784}
{"stats/learning_rate": 0.00500000000000002, "global_step": 785}
{"stats/learning_rate": 0.00500000000000002, "global_step": 786}
{"stats/learning_rate": 0.00500000000000002, "global_step": 787}
{"stats/learning_rate": 0.00500000000000002, "global_step": 788}
{"stats/learning_rate": 0.00500000000000002, "global_step": 789}
{"stats/learning_rate": 0.00500000000000002, "global_step": 790}
{"stats/learning_rate": 0.00500000000000002, "global_step": 791}
{"stats/learning_rate": 0.00500000000000002, "global_step": 792}
{"stats/learning_rate": 0.00500000000000002, "global_step": 793}
{"stats/learning_rate": 0.00500000000000002, "global_step": 794}
{"stats/learning_rate": 0.00500000000000002, "global_step": 795}
{"stats/learning_rate": 0.00500000000000002, "global_step": 796}
{"stats/learning_rate": 0.00500000000000002, "global_step": 797}
{"stats/learning_rate": 0.00500000000000002, "global_step": 798}
{"stats/learning_rate": 0.00500000000000002, "global_step": 799}
{"loss/regression_loss": 2.4009790420532227, "loss/classification_loss": 5.200483798980713, "loss/total_loss": 7.6014628410339355, "global_step": 800}
{"stats/learning_rate": 0.00500000000000002, "global_step": 801}
{"stats/learning_rate": 0.00500000000000002, "global_step": 802}
{"stats/learning_rate": 0.00500000000000002, "global_step": 803}
{"stats/learning_rate": 0.00500000000000002, "global_step": 804}
{"stats/learning_rate": 0.00500000000000002, "global_step": 805}
{"stats/learning_rate": 0.00500000000000002, "global_step": 806}
{"stats/learning_rate": 0.00500000000000002, "global_step": 807}
{"stats/learning_rate": 0.00500000000000002, "global_step": 808}
{"stats/learning_rate": 0.00500000000000002, "global_step": 809}
{"stats/learning_rate": 0.00500000000000002, "global_step": 810}
{"stats/learning_rate": 0.00500000000000002, "global_step": 811}
{"stats/learning_rate": 0.00500000000000002, "global_step": 812}
{"stats/learning_rate": 0.00500000000000002, "global_step": 813}
{"stats/learning_rate": 0.00500000000000002, "global_step": 814}
{"stats/learning_rate": 0.00500000000000002, "global_step": 815}
{"stats/learning_rate": 0.00500000000000002, "global_step": 816}
{"stats/learning_rate": 0.00500000000000002, "global_step": 817}
{"stats/learning_rate": 0.00500000000000002, "global_step": 818}
{"stats/learning_rate": 0.00500000000000002, "global_step": 819}
{"loss/regression_loss": 2.3737404346466064, "loss/classification_loss": 5.159257888793945, "loss/total_loss": 7.532998085021973, "global_step": 820}
{"stats/learning_rate": 0.00500000000000002, "global_step": 821}
{"stats/learning_rate": 0.00500000000000002, "global_step": 822}
{"stats/learning_rate": 0.00500000000000002, "global_step": 823}
{"stats/learning_rate": 0.00500000000000002, "global_step": 824}
{"stats/learning_rate": 0.00500000000000002, "global_step": 825}
{"stats/learning_rate": 0.00500000000000002, "global_step": 826}
{"stats/learning_rate": 0.00500000000000002, "global_step": 827}
{"stats/learning_rate": 0.00500000000000002, "global_step": 828}
{"stats/learning_rate": 0.00500000000000002, "global_step": 829}
{"stats/learning_rate": 0.00500000000000002, "global_step": 830}
{"stats/learning_rate": 0.00500000000000002, "global_step": 831}
{"stats/learning_rate": 0.00500000000000002, "global_step": 832}
{"stats/learning_rate": 0.00500000000000002, "global_step": 833}
{"stats/learning_rate": 0.00500000000000002, "global_step": 834}
{"stats/learning_rate": 0.00500000000000002, "global_step": 835}
{"stats/learning_rate": 0.00500000000000002, "global_step": 836}
{"stats/learning_rate": 0.00500000000000002, "global_step": 837}
{"stats/learning_rate": 0.00500000000000002, "global_step": 838}
{"stats/learning_rate": 0.00500000000000002, "global_step": 839}
{"loss/regression_loss": 2.413670778274536, "loss/classification_loss": 5.116628646850586, "loss/total_loss": 7.530299186706543, "global_step": 840}
{"stats/learning_rate": 0.00500000000000002, "global_step": 841}
{"stats/learning_rate": 0.00500000000000002, "global_step": 842}
{"stats/learning_rate": 0.00500000000000002, "global_step": 843}
{"stats/learning_rate": 0.00500000000000002, "global_step": 844}
{"stats/learning_rate": 0.00500000000000002, "global_step": 845}
{"stats/learning_rate": 0.00500000000000002, "global_step": 846}
{"stats/learning_rate": 0.00500000000000002, "global_step": 847}
{"stats/learning_rate": 0.00500000000000002, "global_step": 848}
{"stats/learning_rate": 0.00500000000000002, "global_step": 849}
{"stats/learning_rate": 0.00500000000000002, "global_step": 850}
{"stats/learning_rate": 0.00500000000000002, "global_step": 851}
{"stats/learning_rate": 0.00500000000000002, "global_step": 852}
{"stats/learning_rate": 0.00500000000000002, "global_step": 853}
{"stats/learning_rate": 0.00500000000000002, "global_step": 854}
{"stats/learning_rate": 0.00500000000000002, "global_step": 855}
{"stats/learning_rate": 0.00500000000000002, "global_step": 856}
{"stats/learning_rate": 0.00500000000000002, "global_step": 857}
{"stats/learning_rate": 0.00500000000000002, "global_step": 858}
{"stats/learning_rate": 0.00500000000000002, "global_step": 859}
{"loss/regression_loss": 2.45329213142395, "loss/classification_loss": 5.071577072143555, "loss/total_loss": 7.524868965148926, "global_step": 860}
{"stats/learning_rate": 0.00500000000000002, "global_step": 861}
{"stats/learning_rate": 0.00500000000000002, "global_step": 862}
{"stats/learning_rate": 0.00500000000000002, "global_step": 863}
{"stats/learning_rate": 0.00500000000000002, "global_step": 864}
{"stats/learning_rate": 0.00500000000000002, "global_step": 865}
{"stats/learning_rate": 0.00500000000000002, "global_step": 866}
{"stats/learning_rate": 0.00500000000000002, "global_step": 867}
{"stats/learning_rate": 0.00500000000000002, "global_step": 868}
{"stats/learning_rate": 0.00500000000000002, "global_step": 869}
{"stats/learning_rate": 0.00500000000000002, "global_step": 870}
{"stats/learning_rate": 0.00500000000000002, "global_step": 871}
{"stats/learning_rate": 0.00500000000000002, "global_step": 872}
{"stats/learning_rate": 0.00500000000000002, "global_step": 873}
{"stats/learning_rate": 0.00500000000000002, "global_step": 874}
{"stats/learning_rate": 0.00500000000000002, "global_step": 875}
{"stats/learning_rate": 0.00500000000000002, "global_step": 876}
{"stats/learning_rate": 0.00500000000000002, "global_step": 877}
{"stats/learning_rate": 0.00500000000000002, "global_step": 878}
{"stats/learning_rate": 0.00500000000000002, "global_step": 879}
{"loss/regression_loss": 2.437434434890747, "loss/classification_loss": 5.044423580169678, "loss/total_loss": 7.481858253479004, "global_step": 880}
{"stats/learning_rate": 0.00500000000000002, "global_step": 881}
{"stats/learning_rate": 0.00500000000000002, "global_step": 882}
{"stats/learning_rate": 0.00500000000000002, "global_step": 883}
{"stats/learning_rate": 0.00500000000000002, "global_step": 884}
{"stats/learning_rate": 0.00500000000000002, "global_step": 885}
{"stats/learning_rate": 0.00500000000000002, "global_step": 886}
{"stats/learning_rate": 0.00500000000000002, "global_step": 887}
{"stats/learning_rate": 0.00500000000000002, "global_step": 888}
{"stats/learning_rate": 0.00500000000000002, "global_step": 889}
{"stats/learning_rate": 0.00500000000000002, "global_step": 890}
{"stats/learning_rate": 0.00500000000000002, "global_step": 891}
{"stats/learning_rate": 0.00500000000000002, "global_step": 892}
{"stats/learning_rate": 0.00500000000000002, "global_step": 893}
{"stats/learning_rate": 0.00500000000000002, "global_step": 894}
{"stats/learning_rate": 0.00500000000000002, "global_step": 895}
{"stats/learning_rate": 0.00500000000000002, "global_step": 896}
{"stats/learning_rate": 0.00500000000000002, "global_step": 897}
{"stats/learning_rate": 0.00500000000000002, "global_step": 898}
{"stats/learning_rate": 0.00500000000000002, "global_step": 899}
{"loss/regression_loss": 2.4310059547424316, "loss/classification_loss": 5.005213260650635, "loss/total_loss": 7.436219215393066, "global_step": 900}
{"stats/learning_rate": 0.00500000000000002, "global_step": 901}
{"stats/learning_rate": 0.00500000000000002, "global_step": 902}
{"stats/learning_rate": 0.00500000000000002, "global_step": 903}
{"stats/learning_rate": 0.00500000000000002, "global_step": 904}
{"stats/learning_rate": 0.00500000000000002, "global_step": 905}
{"stats/learning_rate": 0.00500000000000002, "global_step": 906}
{"stats/learning_rate": 0.00500000000000002, "global_step": 907}
{"stats/learning_rate": 0.00500000000000002, "global_step": 908}
{"stats/learning_rate": 0.00500000000000002, "global_step": 909}
{"stats/learning_rate": 0.00500000000000002, "global_step": 910}
{"stats/learning_rate": 0.00500000000000002, "global_step": 911}
{"stats/learning_rate": 0.00500000000000002, "global_step": 912}
{"stats/learning_rate": 0.00500000000000002, "global_step": 913}
{"stats/learning_rate": 0.00500000000000002, "global_step": 914}
{"stats/learning_rate": 0.00500000000000002, "global_step": 915}
{"stats/learning_rate": 0.00500000000000002, "global_step": 916}
{"stats/learning_rate": 0.00500000000000002, "global_step": 917}
{"stats/learning_rate": 0.00500000000000002, "global_step": 918}
{"stats/learning_rate": 0.00500000000000002, "global_step": 919}
{"loss/regression_loss": 2.380185127258301, "loss/classification_loss": 4.969565391540527, "loss/total_loss": 7.349750518798828, "global_step": 920}
{"stats/learning_rate": 0.00500000000000002, "global_step": 921}
{"stats/learning_rate": 0.00500000000000002, "global_step": 922}
{"stats/learning_rate": 0.00500000000000002, "global_step": 923}
{"stats/learning_rate": 0.00500000000000002, "global_step": 924}
{"stats/learning_rate": 0.00500000000000002, "global_step": 925}
{"stats/learning_rate": 0.00500000000000002, "global_step": 926}
{"stats/learning_rate": 0.00500000000000002, "global_step": 927}
{"stats/learning_rate": 0.00500000000000002, "global_step": 928}
{"stats/learning_rate": 0.00500000000000002, "global_step": 929}
{"stats/learning_rate": 0.00500000000000002, "global_step": 930}
{"stats/learning_rate": 0.00500000000000002, "global_step": 931}
{"stats/learning_rate": 0.00500000000000002, "global_step": 932}
{"stats/learning_rate": 0.00500000000000002, "global_step": 933}
{"stats/learning_rate": 0.00500000000000002, "global_step": 934}
{"stats/learning_rate": 0.00500000000000002, "global_step": 935}
{"stats/epoch_time": 54.18330454826355, "global_step": 936}
{"global_step": 936}
{"stats/learning_rate": 0.00500000000000002, "global_step": 936}
{"stats/learning_rate": 0.00500000000000002, "global_step": 937}
{"stats/learning_rate": 0.00500000000000002, "global_step": 938}
{"stats/learning_rate": 0.00500000000000002, "global_step": 939}
{"loss/regression_loss": 2.425197124481201, "loss/classification_loss": 4.950944900512695, "loss/total_loss": 7.3761420249938965, "global_step": 940}
{"stats/learning_rate": 0.00500000000000002, "global_step": 941}
{"stats/learning_rate": 0.00500000000000002, "global_step": 942}
{"stats/learning_rate": 0.00500000000000002, "global_step": 943}
{"stats/learning_rate": 0.00500000000000002, "global_step": 944}
{"stats/learning_rate": 0.00500000000000002, "global_step": 945}
{"stats/learning_rate": 0.00500000000000002, "global_step": 946}
{"stats/learning_rate": 0.00500000000000002, "global_step": 947}
{"stats/learning_rate": 0.00500000000000002, "global_step": 948}
{"stats/learning_rate": 0.00500000000000002, "global_step": 949}
{"stats/learning_rate": 0.00500000000000002, "global_step": 950}
{"stats/learning_rate": 0.00500000000000002, "global_step": 951}
{"stats/learning_rate": 0.00500000000000002, "global_step": 952}
{"stats/learning_rate": 0.00500000000000002, "global_step": 953}
{"stats/learning_rate": 0.00500000000000002, "global_step": 954}
{"stats/learning_rate": 0.00500000000000002, "global_step": 955}
{"stats/learning_rate": 0.00500000000000002, "global_step": 956}
{"stats/learning_rate": 0.00500000000000002, "global_step": 957}
{"stats/learning_rate": 0.00500000000000002, "global_step": 958}
{"stats/learning_rate": 0.00500000000000002, "global_step": 959}
{"loss/regression_loss": 2.380453109741211, "loss/classification_loss": 4.90731143951416, "loss/total_loss": 7.287764549255371, "global_step": 960}
{"stats/learning_rate": 0.00500000000000002, "global_step": 961}
{"stats/learning_rate": 0.00500000000000002, "global_step": 962}
{"stats/learning_rate": 0.00500000000000002, "global_step": 963}
{"stats/learning_rate": 0.00500000000000002, "global_step": 964}
{"stats/learning_rate": 0.00500000000000002, "global_step": 965}
{"stats/learning_rate": 0.00500000000000002, "global_step": 966}
{"stats/learning_rate": 0.00500000000000002, "global_step": 967}
{"stats/learning_rate": 0.00500000000000002, "global_step": 968}
{"stats/learning_rate": 0.00500000000000002, "global_step": 969}
{"stats/learning_rate": 0.00500000000000002, "global_step": 970}
{"stats/learning_rate": 0.00500000000000002, "global_step": 971}
{"stats/learning_rate": 0.00500000000000002, "global_step": 972}
{"stats/learning_rate": 0.00500000000000002, "global_step": 973}
{"stats/learning_rate": 0.00500000000000002, "global_step": 974}
{"stats/learning_rate": 0.00500000000000002, "global_step": 975}
{"stats/learning_rate": 0.00500000000000002, "global_step": 976}
{"stats/learning_rate": 0.00500000000000002, "global_step": 977}
{"stats/learning_rate": 0.00500000000000002, "global_step": 978}
{"stats/learning_rate": 0.00500000000000002, "global_step": 979}
{"loss/regression_loss": 2.4057040214538574, "loss/classification_loss": 4.8961992263793945, "loss/total_loss": 7.301903247833252, "global_step": 980}
{"stats/learning_rate": 0.00500000000000002, "global_step": 981}
{"stats/learning_rate": 0.00500000000000002, "global_step": 982}
{"stats/learning_rate": 0.00500000000000002, "global_step": 983}
{"stats/learning_rate": 0.00500000000000002, "global_step": 984}
{"stats/learning_rate": 0.00500000000000002, "global_step": 985}
{"stats/learning_rate": 0.00500000000000002, "global_step": 986}
{"stats/learning_rate": 0.00500000000000002, "global_step": 987}
{"stats/learning_rate": 0.00500000000000002, "global_step": 988}
{"stats/learning_rate": 0.00500000000000002, "global_step": 989}
{"stats/learning_rate": 0.00500000000000002, "global_step": 990}
{"stats/learning_rate": 0.00500000000000002, "global_step": 991}
{"stats/learning_rate": 0.00500000000000002, "global_step": 992}
{"stats/learning_rate": 0.00500000000000002, "global_step": 993}
{"stats/learning_rate": 0.00500000000000002, "global_step": 994}
{"stats/learning_rate": 0.00500000000000002, "global_step": 995}
{"stats/learning_rate": 0.00500000000000002, "global_step": 996}
{"stats/learning_rate": 0.00500000000000002, "global_step": 997}
{"stats/learning_rate": 0.00500000000000002, "global_step": 998}
{"stats/learning_rate": 0.00500000000000002, "global_step": 999}
{"loss/regression_loss": 2.390258312225342, "loss/classification_loss": 4.883508205413818, "loss/total_loss": 7.27376651763916, "global_step": 1000}
{"stats/learning_rate": 0.00500000000000002, "global_step": 1001}
{"stats/learning_rate": 0.00500000000000002, "global_step": 1002}
{"stats/learning_rate": 0.00500000000000002, "global_step": 1003}
{"stats/learning_rate": 0.00500000000000002, "global_step": 1004}
{"stats/learning_rate": 0.00500000000000002, "global_step": 1005}
{"stats/learning_rate": 0.00500000000000002, "global_step": 1006}
{"stats/learning_rate": 0.00500000000000002, "global_step": 1007}
{"stats/learning_rate": 0.00500000000000002, "global_step": 1008}
{"stats/learning_rate": 0.00500000000000002, "global_step": 1009}
{"stats/learning_rate": 0.00500000000000002, "global_step": 1010}
{"stats/learning_rate": 0.00500000000000002, "global_step": 1011}
{"stats/learning_rate": 0.00500000000000002, "global_step": 1012}
{"stats/learning_rate": 0.00500000000000002, "global_step": 1013}
{"stats/learning_rate": 0.00500000000000002, "global_step": 1014}
{"stats/learning_rate": 0.00500000000000002, "global_step": 1015}
{"stats/learning_rate": 0.00500000000000002, "global_step": 1016}
{"stats/learning_rate": 0.00500000000000002, "global_step": 1017}
{"stats/learning_rate": 0.00500000000000002, "global_step": 1018}
{"stats/learning_rate": 0.00500000000000002, "global_step": 1019}
{"loss/regression_loss": 2.328624963760376, "loss/classification_loss": 4.851503849029541, "loss/total_loss": 7.180129051208496, "global_step": 1020}
{"stats/learning_rate": 0.00500000000000002, "global_step": 1021}
{"stats/learning_rate": 0.00500000000000002, "global_step": 1022}
{"stats/learning_rate": 0.00500000000000002, "global_step": 1023}
{"stats/learning_rate": 0.00500000000000002, "global_step": 1024}
{"stats/learning_rate": 0.00500000000000002, "global_step": 1025}
{"stats/learning_rate": 0.00500000000000002, "global_step": 1026}
{"stats/learning_rate": 0.00500000000000002, "global_step": 1027}
{"stats/learning_rate": 0.00500000000000002, "global_step": 1028}
{"stats/learning_rate": 0.00500000000000002, "global_step": 1029}
{"stats/learning_rate": 0.00500000000000002, "global_step": 1030}
{"stats/learning_rate": 0.00500000000000002, "global_step": 1031}
{"stats/learning_rate": 0.00500000000000002, "global_step": 1032}
{"stats/learning_rate": 0.00500000000000002, "global_step": 1033}
{"stats/learning_rate": 0.00500000000000002, "global_step": 1034}
{"stats/learning_rate": 0.00500000000000002, "global_step": 1035}
{"stats/learning_rate": 0.00500000000000002, "global_step": 1036}
{"stats/learning_rate": 0.00500000000000002, "global_step": 1037}
{"stats/learning_rate": 0.00500000000000002, "global_step": 1038}
{"stats/learning_rate": 0.00500000000000002, "global_step": 1039}
{"loss/regression_loss": 2.4035301208496094, "loss/classification_loss": 4.841052532196045, "loss/total_loss": 7.244582653045654, "global_step": 1040}
{"stats/learning_rate": 0.00500000000000002, "global_step": 1041}
{"stats/learning_rate": 0.00500000000000002, "global_step": 1042}
{"stats/learning_rate": 0.00500000000000002, "global_step": 1043}
{"stats/learning_rate": 0.00500000000000002, "global_step": 1044}
{"stats/learning_rate": 0.00500000000000002, "global_step": 1045}
{"stats/learning_rate": 0.00500000000000002, "global_step": 1046}
{"stats/learning_rate": 0.00500000000000002, "global_step": 1047}
{"stats/learning_rate": 0.00500000000000002, "global_step": 1048}
{"stats/learning_rate": 0.00500000000000002, "global_step": 1049}
{"stats/learning_rate": 0.00500000000000002, "global_step": 1050}
{"stats/learning_rate": 0.00500000000000002, "global_step": 1051}
{"stats/learning_rate": 0.00500000000000002, "global_step": 1052}
{"stats/learning_rate": 0.00500000000000002, "global_step": 1053}
{"stats/learning_rate": 0.00500000000000002, "global_step": 1054}
{"stats/learning_rate": 0.00500000000000002, "global_step": 1055}
{"stats/learning_rate": 0.00500000000000002, "global_step": 1056}
{"stats/learning_rate": 0.00500000000000002, "global_step": 1057}
{"stats/learning_rate": 0.00500000000000002, "global_step": 1058}
{"stats/learning_rate": 0.00500000000000002, "global_step": 1059}
{"loss/regression_loss": 2.4474337100982666, "loss/classification_loss": 4.838650703430176, "loss/total_loss": 7.286084175109863, "global_step": 1060}
{"stats/learning_rate": 0.00500000000000002, "global_step": 1061}
{"stats/learning_rate": 0.00500000000000002, "global_step": 1062}
{"stats/learning_rate": 0.00500000000000002, "global_step": 1063}
{"stats/learning_rate": 0.00500000000000002, "global_step": 1064}
{"stats/learning_rate": 0.00500000000000002, "global_step": 1065}
{"stats/learning_rate": 0.00500000000000002, "global_step": 1066}
{"stats/learning_rate": 0.00500000000000002, "global_step": 1067}
{"stats/learning_rate": 0.00500000000000002, "global_step": 1068}
{"stats/learning_rate": 0.00500000000000002, "global_step": 1069}
{"stats/learning_rate": 0.00500000000000002, "global_step": 1070}
{"stats/learning_rate": 0.00500000000000002, "global_step": 1071}
{"stats/learning_rate": 0.00500000000000002, "global_step": 1072}
{"stats/learning_rate": 0.00500000000000002, "global_step": 1073}
{"stats/learning_rate": 0.00500000000000002, "global_step": 1074}
{"stats/learning_rate": 0.00500000000000002, "global_step": 1075}
{"stats/learning_rate": 0.00500000000000002, "global_step": 1076}
{"stats/learning_rate": 0.00500000000000002, "global_step": 1077}
{"stats/learning_rate": 0.00500000000000002, "global_step": 1078}
{"stats/learning_rate": 0.00500000000000002, "global_step": 1079}
{"loss/regression_loss": 2.346846342086792, "loss/classification_loss": 4.801114559173584, "loss/total_loss": 7.147960662841797, "global_step": 1080}
{"stats/learning_rate": 0.00500000000000002, "global_step": 1081}
{"stats/learning_rate": 0.00500000000000002, "global_step": 1082}
{"stats/learning_rate": 0.00500000000000002, "global_step": 1083}
{"stats/learning_rate": 0.00500000000000002, "global_step": 1084}
{"stats/learning_rate": 0.00500000000000002, "global_step": 1085}
{"stats/learning_rate": 0.00500000000000002, "global_step": 1086}
{"stats/learning_rate": 0.00500000000000002, "global_step": 1087}
{"stats/learning_rate": 0.00500000000000002, "global_step": 1088}
{"stats/learning_rate": 0.00500000000000002, "global_step": 1089}
{"stats/learning_rate": 0.00500000000000002, "global_step": 1090}
{"stats/learning_rate": 0.00500000000000002, "global_step": 1091}
{"stats/learning_rate": 0.00500000000000002, "global_step": 1092}
{"stats/learning_rate": 0.00500000000000002, "global_step": 1093}
{"stats/learning_rate": 0.00500000000000002, "global_step": 1094}
{"stats/learning_rate": 0.00500000000000002, "global_step": 1095}
{"stats/learning_rate": 0.00500000000000002, "global_step": 1096}
{"stats/learning_rate": 0.00500000000000002, "global_step": 1097}
{"stats/learning_rate": 0.00500000000000002, "global_step": 1098}
{"stats/learning_rate": 0.00500000000000002, "global_step": 1099}
{"loss/regression_loss": 2.3407177925109863, "loss/classification_loss": 4.788129806518555, "loss/total_loss": 7.128847599029541, "global_step": 1100}
{"stats/learning_rate": 0.00500000000000002, "global_step": 1101}
{"stats/learning_rate": 0.00500000000000002, "global_step": 1102}
{"stats/learning_rate": 0.00500000000000002, "global_step": 1103}
{"stats/learning_rate": 0.00500000000000002, "global_step": 1104}
{"stats/learning_rate": 0.00500000000000002, "global_step": 1105}
{"stats/learning_rate": 0.00500000000000002, "global_step": 1106}
{"stats/learning_rate": 0.00500000000000002, "global_step": 1107}
{"stats/learning_rate": 0.00500000000000002, "global_step": 1108}
{"stats/learning_rate": 0.00500000000000002, "global_step": 1109}
{"stats/learning_rate": 0.00500000000000002, "global_step": 1110}
{"stats/learning_rate": 0.00500000000000002, "global_step": 1111}
{"stats/learning_rate": 0.00500000000000002, "global_step": 1112}
{"stats/learning_rate": 0.00500000000000002, "global_step": 1113}
{"stats/learning_rate": 0.00500000000000002, "global_step": 1114}
{"stats/learning_rate": 0.00500000000000002, "global_step": 1115}
{"stats/learning_rate": 0.00500000000000002, "global_step": 1116}
{"stats/learning_rate": 0.00500000000000002, "global_step": 1117}
{"stats/learning_rate": 0.00500000000000002, "global_step": 1118}
{"stats/learning_rate": 0.00500000000000002, "global_step": 1119}
{"loss/regression_loss": 2.398948907852173, "loss/classification_loss": 4.785093784332275, "loss/total_loss": 7.184042930603027, "global_step": 1120}
{"stats/learning_rate": 0.00500000000000002, "global_step": 1121}
{"stats/learning_rate": 0.00500000000000002, "global_step": 1122}
{"stats/learning_rate": 0.00500000000000002, "global_step": 1123}
{"stats/learning_rate": 0.00500000000000002, "global_step": 1124}
{"stats/learning_rate": 0.00500000000000002, "global_step": 1125}
{"stats/learning_rate": 0.00500000000000002, "global_step": 1126}
{"stats/learning_rate": 0.00500000000000002, "global_step": 1127}
{"stats/learning_rate": 0.00500000000000002, "global_step": 1128}
{"stats/learning_rate": 0.00500000000000002, "global_step": 1129}
{"stats/learning_rate": 0.00500000000000002, "global_step": 1130}
{"stats/learning_rate": 0.00500000000000002, "global_step": 1131}
{"stats/learning_rate": 0.00500000000000002, "global_step": 1132}
{"stats/learning_rate": 0.00500000000000002, "global_step": 1133}
{"stats/learning_rate": 0.00500000000000002, "global_step": 1134}
{"stats/learning_rate": 0.00500000000000002, "global_step": 1135}
{"stats/learning_rate": 0.00500000000000002, "global_step": 1136}
{"stats/learning_rate": 0.00500000000000002, "global_step": 1137}
{"stats/learning_rate": 0.00500000000000002, "global_step": 1138}
{"stats/learning_rate": 0.00500000000000002, "global_step": 1139}
{"loss/regression_loss": 2.3603975772857666, "loss/classification_loss": 4.776139736175537, "loss/total_loss": 7.136537551879883, "global_step": 1140}
{"stats/learning_rate": 0.00500000000000002, "global_step": 1141}
{"stats/learning_rate": 0.00500000000000002, "global_step": 1142}
{"stats/learning_rate": 0.00500000000000002, "global_step": 1143}
{"stats/learning_rate": 0.00500000000000002, "global_step": 1144}
{"stats/learning_rate": 0.00500000000000002, "global_step": 1145}
{"stats/learning_rate": 0.00500000000000002, "global_step": 1146}
{"stats/learning_rate": 0.00500000000000002, "global_step": 1147}
{"stats/learning_rate": 0.00500000000000002, "global_step": 1148}
{"stats/learning_rate": 0.00500000000000002, "global_step": 1149}
{"stats/learning_rate": 0.00500000000000002, "global_step": 1150}
{"stats/learning_rate": 0.00500000000000002, "global_step": 1151}
{"stats/learning_rate": 0.00500000000000002, "global_step": 1152}
{"stats/learning_rate": 0.00500000000000002, "global_step": 1153}
{"stats/learning_rate": 0.00500000000000002, "global_step": 1154}
{"stats/learning_rate": 0.00500000000000002, "global_step": 1155}
{"stats/learning_rate": 0.00500000000000002, "global_step": 1156}
{"stats/learning_rate": 0.00500000000000002, "global_step": 1157}
{"stats/learning_rate": 0.00500000000000002, "global_step": 1158}
{"stats/learning_rate": 0.00500000000000002, "global_step": 1159}
{"loss/regression_loss": 2.307157039642334, "loss/classification_loss": 4.771852493286133, "loss/total_loss": 7.079009532928467, "global_step": 1160}
{"stats/learning_rate": 0.00500000000000002, "global_step": 1161}
{"stats/learning_rate": 0.00500000000000002, "global_step": 1162}
{"stats/learning_rate": 0.00500000000000002, "global_step": 1163}
{"stats/learning_rate": 0.00500000000000002, "global_step": 1164}
{"stats/learning_rate": 0.00500000000000002, "global_step": 1165}
{"stats/learning_rate": 0.00500000000000002, "global_step": 1166}
{"stats/learning_rate": 0.00500000000000002, "global_step": 1167}
{"stats/learning_rate": 0.00500000000000002, "global_step": 1168}
{"stats/learning_rate": 0.00500000000000002, "global_step": 1169}
{"stats/learning_rate": 0.00500000000000002, "global_step": 1170}
{"stats/learning_rate": 0.00500000000000002, "global_step": 1171}
{"stats/learning_rate": 0.00500000000000002, "global_step": 1172}
{"stats/learning_rate": 0.00500000000000002, "global_step": 1173}
{"stats/learning_rate": 0.00500000000000002, "global_step": 1174}
{"stats/learning_rate": 0.00500000000000002, "global_step": 1175}
{"stats/learning_rate": 0.00500000000000002, "global_step": 1176}
{"stats/learning_rate": 0.00500000000000002, "global_step": 1177}
{"stats/learning_rate": 0.00500000000000002, "global_step": 1178}
{"stats/learning_rate": 0.00500000000000002, "global_step": 1179}
{"loss/regression_loss": 2.39845871925354, "loss/classification_loss": 4.741861343383789, "loss/total_loss": 7.14031982421875, "global_step": 1180}
{"stats/learning_rate": 0.00500000000000002, "global_step": 1181}
{"stats/learning_rate": 0.00500000000000002, "global_step": 1182}
{"stats/learning_rate": 0.00500000000000002, "global_step": 1183}
{"stats/learning_rate": 0.00500000000000002, "global_step": 1184}
{"stats/learning_rate": 0.00500000000000002, "global_step": 1185}
{"stats/learning_rate": 0.00500000000000002, "global_step": 1186}
{"stats/learning_rate": 0.00500000000000002, "global_step": 1187}
{"stats/learning_rate": 0.00500000000000002, "global_step": 1188}
{"stats/learning_rate": 0.00500000000000002, "global_step": 1189}
{"stats/learning_rate": 0.00500000000000002, "global_step": 1190}
{"stats/learning_rate": 0.00500000000000002, "global_step": 1191}
{"stats/learning_rate": 0.00500000000000002, "global_step": 1192}
{"stats/learning_rate": 0.00500000000000002, "global_step": 1193}
{"stats/learning_rate": 0.00500000000000002, "global_step": 1194}
{"stats/learning_rate": 0.00500000000000002, "global_step": 1195}
{"stats/learning_rate": 0.00500000000000002, "global_step": 1196}
{"stats/learning_rate": 0.00500000000000002, "global_step": 1197}
{"stats/learning_rate": 0.00500000000000002, "global_step": 1198}
{"stats/learning_rate": 0.00500000000000002, "global_step": 1199}
{"loss/regression_loss": 2.3998115062713623, "loss/classification_loss": 4.750797271728516, "loss/total_loss": 7.150609016418457, "global_step": 1200}
{"stats/learning_rate": 0.00500000000000002, "global_step": 1201}
{"stats/learning_rate": 0.00500000000000002, "global_step": 1202}
{"stats/learning_rate": 0.00500000000000002, "global_step": 1203}
{"stats/learning_rate": 0.00500000000000002, "global_step": 1204}
{"stats/learning_rate": 0.00500000000000002, "global_step": 1205}
{"stats/learning_rate": 0.00500000000000002, "global_step": 1206}
{"stats/learning_rate": 0.00500000000000002, "global_step": 1207}
{"stats/learning_rate": 0.00500000000000002, "global_step": 1208}
{"stats/learning_rate": 0.00500000000000002, "global_step": 1209}
{"stats/learning_rate": 0.00500000000000002, "global_step": 1210}
{"stats/learning_rate": 0.00500000000000002, "global_step": 1211}
{"stats/learning_rate": 0.00500000000000002, "global_step": 1212}
{"stats/learning_rate": 0.00500000000000002, "global_step": 1213}
{"stats/learning_rate": 0.00500000000000002, "global_step": 1214}
{"stats/learning_rate": 0.00500000000000002, "global_step": 1215}
{"stats/learning_rate": 0.00500000000000002, "global_step": 1216}
{"stats/learning_rate": 0.00500000000000002, "global_step": 1217}
{"stats/learning_rate": 0.00500000000000002, "global_step": 1218}
{"stats/learning_rate": 0.00500000000000002, "global_step": 1219}
{"loss/regression_loss": 2.385883331298828, "loss/classification_loss": 4.721759796142578, "loss/total_loss": 7.107643127441406, "global_step": 1220}
{"stats/learning_rate": 0.00500000000000002, "global_step": 1221}
{"stats/learning_rate": 0.00500000000000002, "global_step": 1222}
{"stats/learning_rate": 0.00500000000000002, "global_step": 1223}
{"stats/learning_rate": 0.00500000000000002, "global_step": 1224}
{"stats/learning_rate": 0.00500000000000002, "global_step": 1225}
{"stats/learning_rate": 0.00500000000000002, "global_step": 1226}
{"stats/learning_rate": 0.00500000000000002, "global_step": 1227}
{"stats/learning_rate": 0.00500000000000002, "global_step": 1228}
{"stats/learning_rate": 0.00500000000000002, "global_step": 1229}
{"stats/learning_rate": 0.00500000000000002, "global_step": 1230}
{"stats/learning_rate": 0.00500000000000002, "global_step": 1231}
{"stats/learning_rate": 0.00500000000000002, "global_step": 1232}
{"stats/learning_rate": 0.00500000000000002, "global_step": 1233}
{"stats/learning_rate": 0.00500000000000002, "global_step": 1234}
{"stats/learning_rate": 0.00500000000000002, "global_step": 1235}
{"stats/learning_rate": 0.00500000000000002, "global_step": 1236}
{"stats/learning_rate": 0.00500000000000002, "global_step": 1237}
{"stats/learning_rate": 0.00500000000000002, "global_step": 1238}
{"stats/learning_rate": 0.00500000000000002, "global_step": 1239}
{"loss/regression_loss": 2.3480963706970215, "loss/classification_loss": 4.724069595336914, "loss/total_loss": 7.0721659660339355, "global_step": 1240}
{"stats/learning_rate": 0.00500000000000002, "global_step": 1241}
{"stats/learning_rate": 0.00500000000000002, "global_step": 1242}
{"stats/learning_rate": 0.00500000000000002, "global_step": 1243}
{"stats/learning_rate": 0.00500000000000002, "global_step": 1244}
{"stats/learning_rate": 0.00500000000000002, "global_step": 1245}
{"stats/learning_rate": 0.00500000000000002, "global_step": 1246}
{"stats/learning_rate": 0.00500000000000002, "global_step": 1247}
{"stats/epoch_time": 55.308253049850464, "global_step": 1248}
